"Dev Web/Mobile","",1,6,../public/images/salle.jpeg
"Referent Digital","",1,6,../public/images/salle.jpeg
"AWS","",1,6,../public/images/salle.jpeg
"Hackeuse","",1,6,../public/images/salle.jpeg
"Developpement Data","",1,6,../public/images/salle.jpeg
"Dev Web/Mobile","",1,5,../public/images/salle.jpeg
"Referent Digital","",1,5,../public/images/salle.jpeg
"Developpement Data","",1,5,../public/images/salle.jpeg
"Dev Web/Mobile","",1,4,../public/images/salle.jpeg
"Referent Digital","",1,4,../public/images/salle.jpeg
"Developpement Data","",1,4,../public/images/salle.jpeg
"Dev Web/Mobile","",1,3,../public/images/salle.jpeg
"Referent Digital","",1,3,../public/images/salle.jpeg
"Data Artisant","",1,3,../public/images/salle.jpeg
"Dev Web/Mobile","",1,2,../public/images/salle.jpeg
"Referent Digital","",1,2,../public/images/salle.jpeg
"Data Artisant","",1,2,../public/images/salle.jpeg
"Dev Web/Mobile","",1,1,../public/images/salle.jpeg
"Referent Digital","",1,1,../public/images/salle.jpeg
"Data Artisant","",1,1,../public/images/salle.jpeg
"Cyber Securité","Référentiel de la Cyber Sécurité",0,2,../public/images/security-1.jpg
